id,winery,wine,year,rating,num_reviews,num_reviews_grp,region,price,type,body,acidity,acidity_level,taste,accomp_meal,category,alcohol_percentage,uds_vino,description
1,"Descendientes de J. Palacios","La Faraona Bierzo (Corullon)",2010,4.6,28,"not important at all",Bierzo,3119.08,Red,4,3,high,dry,,Red,13.5,4,"La Faraona Bierzo from Descendientes de J. Palacios is known for its intense. complex. and fruity flavor profile. It is a dry wine with moderate tannins and a good acidity level. The fruit flavors may include dark cherry. blackberry. and plum. with hints of spice and earthy undertones. This wine is best accompanied by rich and hearty dishes such as grilled or roasted meats. stews. and strong cheeses."
2,"Vega Sicilia",Unico,1965,4.6,218,"not important at all","Ribera del Duero",2884.04,"Ribera Del Duero Red",5,3,high,tannicfruity,,Red,13.5,5,"Ribera del Duero red wine is typically characterized as full-bodied and complex. with high tannins and acidity. It often displays flavors of dark fruit such as blackberry and plum. as well as herbal and spicy notes. Overall. it can be classified as a tannic and fruity wine."
3,"Bodega Numanthia",Termanthia,2004,4.7,108,"not important at all",Toro,2814.16,"Toro Red",5,3,high,tannic,,Red,14.5,4,"Toro red wine is typically known for its full-bodied and tannic flavor profile. often with notes of dark fruit. spice. and sometimes a hint of earthiness. Overall. it is considered a bold and robust wine with a complex flavor profile."
4,"Alvaro Palacios","L'Ermita Velles Vinyes Priorat",2010,4.6,60,"not important at all",Priorato,2750,"Priorat Red",4,3,high,dry,,Red,14.5,3,"Priorat red wines are typically known for their full-bodied. complex and intense flavor profiles. They tend to be high in tannins and acidity. with rich fruit flavors such as black cherry. plum. and blackberry. as well as herbal and earthy notes such as licorice. tobacco. and leather. Overall. they are considered dry and bold wines with a long finish."
5,"Alvaro Palacios","L'Ermita Velles Vinyes Priorat",2011,4.6,27,"not important at all",Priorato,2750,"Priorat Red",4,3,high,dry,,Red,14.5,4,"Priorat red wines are typically known for their full-bodied. complex and intense flavor profiles. They tend to be high in tannins and acidity. with rich fruit flavors such as black cherry. plum. and blackberry. as well as herbal and earthy notes such as licorice. tobacco. and leather. Overall. they are considered dry and bold wines with a long finish."
6,"Vega Sicilia",Unico,1968,4.7,225,"not important at all","Ribera del Duero",2087.25,"Ribera Del Duero Red",5,3,high,tannicfruity,,Red,13.5,2,"Ribera del Duero red wine is typically characterized as full-bodied and complex. with high tannins and acidity. It often displays flavors of dark fruit such as blackberry and plum. as well as herbal and spicy notes. Overall. it can be classified as a tannic and fruity wine."
7,"Dominio de Pingus",Pingus,2005,4.6,293,"not important at all","Ribera del Duero",1785.96,"Ribera Del Duero Red",5,3,high,tannicfruity,,Red,14,1,"Ribera del Duero red wine is typically characterized as full-bodied and complex. with high tannins and acidity. It often displays flavors of dark fruit such as blackberry and plum. as well as herbal and spicy notes. Overall. it can be classified as a tannic and fruity wine."
8,"Dominio de Pingus",Pingus,1996,4.6,102,"not important at all","Ribera del Duero",1746.94,"Ribera Del Duero Red",5,3,high,tannicfruity,,Red,14,2,"Ribera del Duero red wine is typically characterized as full-bodied and complex. with high tannins and acidity. It often displays flavors of dark fruit such as blackberry and plum. as well as herbal and spicy notes. Overall. it can be classified as a tannic and fruity wine."
9,"Dominio de Pingus",Pingus,1999,4.7,184,"not important at all","Ribera del Duero",1715.18,"Ribera Del Duero Red",5,3,high,tannicfruity,,Red,13.5,3,"Ribera del Duero red wine is typically characterized as full-bodied and complex. with high tannins and acidity. It often displays flavors of dark fruit such as blackberry and plum. as well as herbal and spicy notes. Overall. it can be classified as a tannic and fruity wine."
10,"Alvaro Palacios","L'Ermita Velles Vinyes Priorat",2014,4.6,30,"not important at all",Priorato,1660,"Priorat Red",4,3,high,dry,,Red,14.5,4,"Priorat red wines are typically known for their full-bodied. complex and intense flavor profiles. They tend to be high in tannins and acidity. with rich fruit flavors such as black cherry. plum. and blackberry. as well as herbal and earthy notes such as licorice. tobacco. and leather. Overall. they are considered dry and bold wines with a long finish."
11,"Dominio de Pingus",Pingus,2003,4.6,205,"not important at all","Ribera del Duero",1638.95,"Ribera Del Duero Red",5,3,high,tannicfruity,,Red,14,5,"Ribera del Duero red wine is typically characterized as full-bodied and complex. with high tannins and acidity. It often displays flavors of dark fruit such as blackberry and plum. as well as herbal and spicy notes. Overall. it can be classified as a tannic and fruity wine."
12,"Vega Sicilia",Unico,1962,4.8,295,"not important at all","Ribera del Duero",1620,"Ribera Del Duero Red",5,3,high,tannicfruity,,Red,13.5,4,"Ribera del Duero red wine is typically characterized as full-bodied and complex. with high tannins and acidity. It often displays flavors of dark fruit such as blackberry and plum. as well as herbal and spicy notes. Overall. it can be classified as a tannic and fruity wine."
13,"Dominio de Pingus",Pingus,2014,4.6,172,"not important at all","Ribera del Duero",1595,"Ribera Del Duero Red",5,3,high,tannicfruity,,Red,14,5,"Ribera del Duero red wine is typically characterized as full-bodied and complex. with high tannins and acidity. It often displays flavors of dark fruit such as blackberry and plum. as well as herbal and spicy notes. Overall. it can be classified as a tannic and fruity wine."
14,"Dominio de Pingus",Pingus,2000,4.6,122,"not important at all","Ribera del Duero",1503,"Ribera Del Duero Red",5,3,high,tannicfruity,,Red,14,6,"Ribera del Duero red wine is typically characterized as full-bodied and complex. with high tannins and acidity. It often displays flavors of dark fruit such as blackberry and plum. as well as herbal and spicy notes. Overall. it can be classified as a tannic and fruity wine."
15,"Dominio de Pingus",Pingus,2004,4.7,285,"not important at all","Ribera del Duero",1500,"Ribera Del Duero Red",5,3,high,tannicfruity,,Red,15,5,"Ribera del Duero red wine is typically characterized as full-bodied and complex. with high tannins and acidity. It often displays flavors of dark fruit such as blackberry and plum. as well as herbal and spicy notes. Overall. it can be classified as a tannic and fruity wine."
16,"Vega Sicilia","Unico Reserva Especial Edicion",1995,4.7,196,"not important at all","Ribera del Duero",1500,"Ribera Del Duero Red",5,3,high,tannicfruity,,Red,14.5,4,"Ribera del Duero red wine is typically characterized as full-bodied and complex. with high tannins and acidity. It often displays flavors of dark fruit such as blackberry and plum. as well as herbal and spicy notes. Overall. it can be classified as a tannic and fruity wine."
17,"Alvaro Palacios","L'Ermita Velles Vinyes Priorat",2000,4.7,132,"not important at all",Priorato,1422.96,"Priorat Red",4,3,high,dry,,Red,14,5,"Priorat red wines are typically known for their full-bodied. complex and intense flavor profiles. They tend to be high in tannins and acidity. with rich fruit flavors such as black cherry. plum. and blackberry. as well as herbal and earthy notes such as licorice. tobacco. and leather. Overall. they are considered dry and bold wines with a long finish."
18,"Alvaro Palacios","L'Ermita Velles Vinyes Priorat",2005,4.7,67,"not important at all",Priorato,1410.26,"Priorat Red",4,3,high,dry,,Red,14.5,6,"Priorat red wines are typically known for their full-bodied. complex and intense flavor profiles. They tend to be high in tannins and acidity. with rich fruit flavors such as black cherry. plum. and blackberry. as well as herbal and earthy notes such as licorice. tobacco. and leather. Overall. they are considered dry and bold wines with a long finish."
19,"Alvaro Palacios","L'Ermita Velles Vinyes Priorat",2004,4.8,87,"not important at all",Priorato,1410.26,"Priorat Red",4,3,high,dry,,Red,14,5,"Priorat red wines are typically known for their full-bodied. complex and intense flavor profiles. They tend to be high in tannins and acidity. with rich fruit flavors such as black cherry. plum. and blackberry. as well as herbal and earthy notes such as licorice. tobacco. and leather. Overall. they are considered dry and bold wines with a long finish."
20,"Vega Sicilia",Unico,1964,4.7,214,"not important at all","Ribera del Duero",1384.54,"Ribera Del Duero Red",5,3,high,tannicfruity,,Red,13,4,"Ribera del Duero red wine is typically characterized as full-bodied and complex. with high tannins and acidity. It often displays flavors of dark fruit such as blackberry and plum. as well as herbal and spicy notes. Overall. it can be classified as a tannic and fruity wine."
21,"Descendientes de J. Palacios","La Faraona Bierzo (Corullon)",2015,4.5,36,"not important at all",Bierzo,1373.66,Red,4,3,high,dry,,Red,13.5,5,"La Faraona Bierzo from Descendientes de J. Palacios is known for its intense. complex. and fruity flavor profile. It is a dry wine with moderate tannins and a good acidity level. The fruit flavors may include dark cherry. blackberry. and plum. with hints of spice and earthy undertones. This wine is best accompanied by rich and hearty dishes such as grilled or roasted meats. stews. and strong cheeses."
22,"Alvaro Palacios","L'Ermita Velles Vinyes Priorat",2003,4.5,46,"not important at all",Priorato,1372.14,"Priorat Red",4,3,high,dry,,Red,14.5,6,"Priorat red wines are typically known for their full-bodied. complex and intense flavor profiles. They tend to be high in tannins and acidity. with rich fruit flavors such as black cherry. plum. and blackberry. as well as herbal and earthy notes such as licorice. tobacco. and leather. Overall. they are considered dry and bold wines with a long finish."
23,"Alvaro Palacios","L'Ermita Velles Vinyes Priorat",1996,4.6,150,"not important at all",Priorato,1372.14,"Priorat Red",4,3,high,dry,,Red,14,2,"Priorat red wines are typically known for their full-bodied. complex and intense flavor profiles. They tend to be high in tannins and acidity. with rich fruit flavors such as black cherry. plum. and blackberry. as well as herbal and earthy notes such as licorice. tobacco. and leather. Overall. they are considered dry and bold wines with a long finish."
24,"Alvaro Palacios","L'Ermita Velles Vinyes Priorat",1998,4.7,171,"not important at all",Priorato,1372.14,"Priorat Red",4,3,high,dry,,Red,13.5,4,"Priorat red wines are typically known for their full-bodied. complex and intense flavor profiles. They tend to be high in tannins and acidity. with rich fruit flavors such as black cherry. plum. and blackberry. as well as herbal and earthy notes such as licorice. tobacco. and leather. Overall. they are considered dry and bold wines with a long finish."
25,"Alvaro Palacios","L'Ermita Velles Vinyes Priorat",1995,4.6,122,"not important at all",Priorato,1372.14,"Priorat Red",4,3,high,dry,,Red,13.5,5,"Priorat red wines are typically known for their full-bodied. complex and intense flavor profiles. They tend to be high in tannins and acidity. with rich fruit flavors such as black cherry. plum. and blackberry. as well as herbal and earthy notes such as licorice. tobacco. and leather. Overall. they are considered dry and bold wines with a long finish."
26,"Dominio de Pingus",Pingus,2010,4.6,410,"not important at all","Ribera del Duero",1359.75,"Ribera Del Duero Red",5,3,high,tannicfruity,,Red,15,6,"Ribera del Duero red wine is typically characterized as full-bodied and complex. with high tannins and acidity. It often displays flavors of dark fruit such as blackberry and plum. as well as herbal and spicy notes. Overall. it can be classified as a tannic and fruity wine."
27,"Dominio de Pingus",Pingus,1998,4.6,244,"not important at all","Ribera del Duero",1350,"Ribera Del Duero Red",5,3,high,tannicfruity,,Red,13.5,3,"Ribera del Duero red wine is typically characterized as full-bodied and complex. with high tannins and acidity. It often displays flavors of dark fruit such as blackberry and plum. as well as herbal and spicy notes. Overall. it can be classified as a tannic and fruity wine."
28,"Teso La Monja",Tinto,2010,4.7,102,"not important at all",Toro,1325,"Toro Red",5,3,high,tannic,,Red,14.5,2,"Toro red wine is typically known for its full-bodied and tannic flavor profile. often with notes of dark fruit. spice. and sometimes a hint of earthiness. Overall. it is considered a bold and robust wine with a complex flavor profile."
29,"Teso La Monja",Tinto,2011,4.8,32,"not important at all",Toro,1295,"Toro Red",5,3,high,tannic,,Red,15,7,"Toro red wine is typically known for its full-bodied and tannic flavor profile. often with notes of dark fruit. spice. and sometimes a hint of earthiness. Overall. it is considered a bold and robust wine with a complex flavor profile."
30,"Teso La Monja",Tinto,2015,4.8,28,"not important at all",Toro,1289.44,"Toro Red",5,3,high,tannic,,Red,12,4,"Toro red wine is typically known for its full-bodied and tannic flavor profile. often with notes of dark fruit. spice. and sometimes a hint of earthiness. Overall. it is considered a bold and robust wine with a complex flavor profile."
31,"Dominio de Pingus",Pingus,2016,4.8,145,"not important at all","Ribera del Duero",1280,"Ribera Del Duero Red",5,3,high,tannicfruity,,Red,14,1,"Ribera del Duero red wine is typically characterized as full-bodied and complex. with high tannins and acidity. It often displays flavors of dark fruit such as blackberry and plum. as well as herbal and spicy notes. Overall. it can be classified as a tannic and fruity wine."
32,"Teso La Monja",Tinto,2008,4.6,87,"not important at all",Toro,1260,"Toro Red",5,3,high,tannic,,Red,15,2,"Toro red wine is typically known for its full-bodied and tannic flavor profile. often with notes of dark fruit. spice. and sometimes a hint of earthiness. Overall. it is considered a bold and robust wine with a complex flavor profile."
33,"Alvaro Palacios","L'Ermita Velles Vinyes Priorat",2015,4.7,82,"not important at all",Priorato,1252.35,"Priorat Red",4,3,high,dry,,Red,14,5,"Priorat red wines are typically known for their full-bodied. complex and intense flavor profiles. They tend to be high in tannins and acidity. with rich fruit flavors such as black cherry. plum. and blackberry. as well as herbal and earthy notes such as licorice. tobacco. and leather. Overall. they are considered dry and bold wines with a long finish."
34,"Dominio de Pingus",Pingus,2018,4.6,47,"not important at all","Ribera del Duero",1250,"Ribera Del Duero Red",5,3,high,tannicfruity,,Red,14.5,6,"Ribera del Duero red wine is typically characterized as full-bodied and complex. with high tannins and acidity. It often displays flavors of dark fruit such as blackberry and plum. as well as herbal and spicy notes. Overall. it can be classified as a tannic and fruity wine."
35,"Dominio de Pingus",Pingus,2015,4.7,203,"not important at all","Ribera del Duero",1250,"Ribera Del Duero Red",5,3,high,tannicfruity,,Red,14,5,"Ribera del Duero red wine is typically characterized as full-bodied and complex. with high tannins and acidity. It often displays flavors of dark fruit such as blackberry and plum. as well as herbal and spicy notes. Overall. it can be classified as a tannic and fruity wine."
36,"Vega Sicilia","Unico Reserva Especial Edicion",1982,4.6,39,"not important at all","Ribera del Duero",1238.43,"Ribera Del Duero Red",5,3,high,tannicfruity,,Red,13.5,4,"Ribera del Duero red wine is typically characterized as full-bodied and complex. with high tannins and acidity. It often displays flavors of dark fruit such as blackberry and plum. as well as herbal and spicy notes. Overall. it can be classified as a tannic and fruity wine."
37,"Vega Sicilia",Unico,1953,4.7,89,"not important at all","Ribera del Duero",1207.6,"Ribera Del Duero Red",5,3,high,tannicfruity,,Red,14,5,"Ribera del Duero red wine is typically characterized as full-bodied and complex. with high tannins and acidity. It often displays flavors of dark fruit such as blackberry and plum. as well as herbal and spicy notes. Overall. it can be classified as a tannic and fruity wine."
38,"Dominio de Pingus",Pingus,2013,4.6,323,"not important at all","Ribera del Duero",1198.72,"Ribera Del Duero Red",5,3,high,tannicfruity,,Red,14.5,4,"Ribera del Duero red wine is typically characterized as full-bodied and complex. with high tannins and acidity. It often displays flavors of dark fruit such as blackberry and plum. as well as herbal and spicy notes. Overall. it can be classified as a tannic and fruity wine."
39,"Dominio de Pingus",Pingus,2006,4.7,280,"not important at all","Ribera del Duero",1190,"Ribera Del Duero Red",5,3,high,tannicfruity,,Red,15.5,1,"Ribera del Duero red wine is typically characterized as full-bodied and complex. with high tannins and acidity. It often displays flavors of dark fruit such as blackberry and plum. as well as herbal and spicy notes. Overall. it can be classified as a tannic and fruity wine."
40,"Teso La Monja",Tinto,2012,4.8,56,"not important at all",Toro,1190,"Toro Red",5,3,high,tannic,,Red,15,2,"Toro red wine is typically known for its full-bodied and tannic flavor profile. often with notes of dark fruit. spice. and sometimes a hint of earthiness. Overall. it is considered a bold and robust wine with a complex flavor profile."
41,"Vega Sicilia","Unico Reserva Especial Edicion",1985,4.8,70,"not important at all","Ribera del Duero",1182.77,"Ribera Del Duero Red",5,3,high,tannicfruity,,Red,13.5,1,"Ribera del Duero red wine is typically characterized as full-bodied and complex. with high tannins and acidity. It often displays flavors of dark fruit such as blackberry and plum. as well as herbal and spicy notes. Overall. it can be classified as a tannic and fruity wine."
42,"Bodega Contador (Benjamin Romeo)","Contador Rioja",2005,4.7,112,"not important at all",Rioja,1150,"Rioja Red",4,3,high,dry,,Red,15,6,"Spanish Rioja Red wine is known for its complex flavor profile that typically includes both fruity and earthy notes. Rioja wines are often described as having a medium to full body with moderate acidity and tannins. The flavor profile can vary depending on the aging process. with younger Riojas tending to have more fruity notes and oak-aged Riojas having more earthy and spicy notes. Overall. Rioja wines are considered versatile and pair well with a range of dishes."
43,"Dominio de Pingus",Pingus,2017,4.8,52,"not important at all","Ribera del Duero",1150,"Ribera Del Duero Red",5,3,high,tannicfruity,,Red,14.5,2,"Ribera del Duero red wine is typically characterized as full-bodied and complex. with high tannins and acidity. It often displays flavors of dark fruit such as blackberry and plum. as well as herbal and spicy notes. Overall. it can be classified as a tannic and fruity wine."
44,"Vega Sicilia","Unico Reserva Especial Edicion",1986,4.7,63,"not important at all","Ribera del Duero",1113.2,"Ribera Del Duero Red",5,3,high,tannicfruity,,Red,14,4,"Ribera del Duero red wine is typically characterized as full-bodied and complex. with high tannins and acidity. It often displays flavors of dark fruit such as blackberry and plum. as well as herbal and spicy notes. Overall. it can be classified as a tannic and fruity wine."
45,"Vega Sicilia",Unico,1967,4.6,123,"not important at all","Ribera del Duero",1106.24,"Ribera Del Duero Red",5,3,high,tannicfruity,,Red,13.5,5,"Ribera del Duero red wine is typically characterized as full-bodied and complex. with high tannins and acidity. It often displays flavors of dark fruit such as blackberry and plum. as well as herbal and spicy notes. Overall. it can be classified as a tannic and fruity wine."
46,"Vega Sicilia",Unico,1961,4.6,50,"not important at all","Ribera del Duero",1099.28,"Ribera Del Duero Red",5,3,high,tannicfruity,,Red,13,8,"Ribera del Duero red wine is typically characterized as full-bodied and complex. with high tannins and acidity. It often displays flavors of dark fruit such as blackberry and plum. as well as herbal and spicy notes. Overall. it can be classified as a tannic and fruity wine."
47,"Descendientes de J. Palacios","La Faraona Bierzo (Corullon)",2017,4.8,26,"not important at all",Bierzo,1098.9,Red,4,3,high,dry,,Red,13.5,7,"La Faraona Bierzo from Descendientes de J. Palacios is known for its intense. complex. and fruity flavor profile. It is a dry wine with moderate tannins and a good acidity level. The fruit flavors may include dark cherry. blackberry. and plum. with hints of spice and earthy undertones. This wine is best accompanied by rich and hearty dishes such as grilled or roasted meats. stews. and strong cheeses."
48,"Alvaro Palacios","L'Ermita Velles Vinyes Priorat",2018,4.8,26,"not important at all",Priorato,1094.9,"Priorat Red",4,3,high,dry,,Red,14.5,9,"Priorat red wines are typically known for their full-bodied. complex and intense flavor profiles. They tend to be high in tannins and acidity. with rich fruit flavors such as black cherry. plum. and blackberry. as well as herbal and earthy notes such as licorice. tobacco. and leather. Overall. they are considered dry and bold wines with a long finish."
49,"Alvaro Palacios","L'Ermita Velles Vinyes Priorat",1997,4.6,127,"not important at all",Priorato,1080,"Priorat Red",4,3,high,dry,,Red,13.5,5,"Priorat red wines are typically known for their full-bodied. complex and intense flavor profiles. They tend to be high in tannins and acidity. with rich fruit flavors such as black cherry. plum. and blackberry. as well as herbal and earthy notes such as licorice. tobacco. and leather. Overall. they are considered dry and bold wines with a long finish."
50,"Vega Sicilia","Unico Reserva Especial Edicion",1987,4.7,100,"not important at all","Ribera del Duero",1071.45,"Ribera Del Duero Red",5,3,high,tannicfruity,,Red,14,4,"Ribera del Duero red wine is typically characterized as full-bodied and complex. with high tannins and acidity. It often displays flavors of dark fruit such as blackberry and plum. as well as herbal and spicy notes. Overall. it can be classified as a tannic and fruity wine."
51,"Alvaro Palacios","L'Ermita Velles Vinyes Priorat",2008,4.8,40,"not important at all",Priorato,1021.21,"Priorat Red",4,3,high,dry,,Red,14.5,6,"Priorat red wines are typically known for their full-bodied. complex and intense flavor profiles. They tend to be high in tannins and acidity. with rich fruit flavors such as black cherry. plum. and blackberry. as well as herbal and earthy notes such as licorice. tobacco. and leather. Overall. they are considered dry and bold wines with a long finish."
52,"Bodegas Valduero","Ribera Del Duero Gran Reserva 12 Anos",1999,4.8,68,"not important at all","Ribera del Duero",999,"Ribera Del Duero Red",5,3,high,tannicfruity,,Red,13.5,5,"Ribera del Duero red wine is typically characterized as full-bodied and complex. with high tannins and acidity. It often displays flavors of dark fruit such as blackberry and plum. as well as herbal and spicy notes. Overall. it can be classified as a tannic and fruity wine."
53,"Teso La Monja",Tinto,2013,4.9,58,"not important at all",Toro,995,"Toro Red",5,3,high,tannic,,Red,15,4,"Toro red wine is typically known for its full-bodied and tannic flavor profile. often with notes of dark fruit. spice. and sometimes a hint of earthiness. Overall. it is considered a bold and robust wine with a complex flavor profile."
54,"Clos Erasmus",Priorat,1998,4.5,43,"not important at all",Priorato,993.28,"Priorat Red",4,3,high,dry,,Red,15,5,"Priorat red wines are typically known for their full-bodied. complex and intense flavor profiles. They tend to be high in tannins and acidity. with rich fruit flavors such as black cherry. plum. and blackberry. as well as herbal and earthy notes such as licorice. tobacco. and leather. Overall. they are considered dry and bold wines with a long finish."
55,"Clos Erasmus",Priorat,2003,4.6,41,"not important at all",Priorato,993.28,"Priorat Red",4,3,high,dry,,Red,15,6,"Priorat red wines are typically known for their full-bodied. complex and intense flavor profiles. They tend to be high in tannins and acidity. with rich fruit flavors such as black cherry. plum. and blackberry. as well as herbal and earthy notes such as licorice. tobacco. and leather. Overall. they are considered dry and bold wines with a long finish."
56,"Alvaro Palacios","L'Ermita Velles Vinyes Priorat",2017,4.8,31,"not important at all",Priorato,992.2,"Priorat Red",4,3,high,dry,,Red,14,5,"Priorat red wines are typically known for their full-bodied. complex and intense flavor profiles. They tend to be high in tannins and acidity. with rich fruit flavors such as black cherry. plum. and blackberry. as well as herbal and earthy notes such as licorice. tobacco. and leather. Overall. they are considered dry and bold wines with a long finish."
57,"Alvaro Palacios","L'Ermita Velles Vinyes Priorat",1999,4.6,164,"not important at all",Priorato,980,"Priorat Red",4,3,high,dry,,Red,13.5,4,"Priorat red wines are typically known for their full-bodied. complex and intense flavor profiles. They tend to be high in tannins and acidity. with rich fruit flavors such as black cherry. plum. and blackberry. as well as herbal and earthy notes such as licorice. tobacco. and leather. Overall. they are considered dry and bold wines with a long finish."
58,"Vega Sicilia",Unico,1969,4.5,60,"not important at all","Ribera del Duero",976.83,"Ribera Del Duero Red",5,3,high,tannicfruity,,Red,13,5,"Ribera del Duero red wine is typically characterized as full-bodied and complex. with high tannins and acidity. It often displays flavors of dark fruit such as blackberry and plum. as well as herbal and spicy notes. Overall. it can be classified as a tannic and fruity wine."
59,"Teso La Monja",Tinto,2009,4.8,50,"not important at all",Toro,950,"Toro Red",5,3,high,tannic,,Red,15,6,"Toro red wine is typically known for its full-bodied and tannic flavor profile. often with notes of dark fruit. spice. and sometimes a hint of earthiness. Overall. it is considered a bold and robust wine with a complex flavor profile."
60,"Alvaro Palacios","L'Ermita Velles Vinyes Priorat",2001,4.6,65,"not important at all",Priorato,945,"Priorat Red",4,3,high,dry,,Red,14,5,"Priorat red wines are typically known for their full-bodied. complex and intense flavor profiles. They tend to be high in tannins and acidity. with rich fruit flavors such as black cherry. plum. and blackberry. as well as herbal and earthy notes such as licorice. tobacco. and leather. Overall. they are considered dry and bold wines with a long finish."
61,"Dominio de Pingus",Pingus,2001,4.7,295,"not important at all","Ribera del Duero",940,"Ribera Del Duero Red",5,3,high,tannicfruity,,Red,14,4,"Ribera del Duero red wine is typically characterized as full-bodied and complex. with high tannins and acidity. It often displays flavors of dark fruit such as blackberry and plum. as well as herbal and spicy notes. Overall. it can be classified as a tannic and fruity wine."
62,"Marques de Murrieta","Castillo Ygay Gran Reserva Especial Tinto",1959,4.4,80,"not important at all",Rioja,940,"Rioja Red",4,3,high,dry,,Red,14,5,"Spanish Rioja Red wine is known for its complex flavor profile that typically includes both fruity and earthy notes. Rioja wines are often described as having a medium to full body with moderate acidity and tannins. The flavor profile can vary depending on the aging process. with younger Riojas tending to have more fruity notes and oak-aged Riojas having more earthy and spicy notes. Overall. Rioja wines are considered versatile and pair well with a range of dishes."
63,"Vega Sicilia",Unico,1974,4.7,173,"not important at all","Ribera del Duero",932.3,"Ribera Del Duero Red",5,3,high,tannicfruity,,Red,13.5,2,"Ribera del Duero red wine is typically characterized as full-bodied and complex. with high tannins and acidity. It often displays flavors of dark fruit such as blackberry and plum. as well as herbal and spicy notes. Overall. it can be classified as a tannic and fruity wine."
64,"Vega Sicilia",Unico,1973,4.6,157,"not important at all","Ribera del Duero",932.3,"Ribera Del Duero Red",5,3,high,tannicfruity,,Red,13.5,3,"Ribera del Duero red wine is typically characterized as full-bodied and complex. with high tannins and acidity. It often displays flavors of dark fruit such as blackberry and plum. as well as herbal and spicy notes. Overall. it can be classified as a tannic and fruity wine."
65,"Vega Sicilia",Unico,1970,4.8,417,"not important at all","Ribera del Duero",925,"Ribera Del Duero Red",5,3,high,tannicfruity,,Red,13,6,"Ribera del Duero red wine is typically characterized as full-bodied and complex. with high tannins and acidity. It often displays flavors of dark fruit such as blackberry and plum. as well as herbal and spicy notes. Overall. it can be classified as a tannic and fruity wine."
66,"Alvaro Palacios","L'Ermita Velles Vinyes Priorat",2016,4.7,28,"not important at all",Priorato,919.6,"Priorat Red",4,3,high,dry,,Red,14,5,"Priorat red wines are typically known for their full-bodied. complex and intense flavor profiles. They tend to be high in tannins and acidity. with rich fruit flavors such as black cherry. plum. and blackberry. as well as herbal and earthy notes such as licorice. tobacco. and leather. Overall. they are considered dry and bold wines with a long finish."
67,"Vega Sicilia",Unico,1980,4.7,116,"not important at all","Ribera del Duero",911.43,"Ribera Del Duero Red",5,3,high,tannicfruity,,Red,13.5,4,"Ribera del Duero red wine is typically characterized as full-bodied and complex. with high tannins and acidity. It often displays flavors of dark fruit such as blackberry and plum. as well as herbal and spicy notes. Overall. it can be classified as a tannic and fruity wine."
68,"Vega Sicilia","Unico Reserva Especial Edicion",1989,4.6,133,"not important at all","Ribera del Duero",895.4,"Ribera Del Duero Red",5,3,high,tannicfruity,,Red,13.5,5,"Ribera del Duero red wine is typically characterized as full-bodied and complex. with high tannins and acidity. It often displays flavors of dark fruit such as blackberry and plum. as well as herbal and spicy notes. Overall. it can be classified as a tannic and fruity wine."
69,"Dominio de Pingus",Pingus,2012,4.6,400,"not important at all","Ribera del Duero",890,"Ribera Del Duero Red",5,3,high,tannicfruity,,Red,14,6,"Ribera del Duero red wine is typically characterized as full-bodied and complex. with high tannins and acidity. It often displays flavors of dark fruit such as blackberry and plum. as well as herbal and spicy notes. Overall. it can be classified as a tannic and fruity wine."
70,"Vega Sicilia","Unico Reserva Especial Edicion",2000,4.7,935,"slightly important","Ribera del Duero",877.85,"Ribera Del Duero Red",5,3,high,tannicfruity,,Red,14.5,5,"Ribera del Duero red wine is typically characterized as full-bodied and complex. with high tannins and acidity. It often displays flavors of dark fruit such as blackberry and plum. as well as herbal and spicy notes. Overall. it can be classified as a tannic and fruity wine."
71,"Vega Sicilia",Unico,1981,4.7,308,"not important at all","Ribera del Duero",873.86,"Ribera Del Duero Red",5,3,high,tannicfruity,,Red,13.5,4,"Ribera del Duero red wine is typically characterized as full-bodied and complex. with high tannins and acidity. It often displays flavors of dark fruit such as blackberry and plum. as well as herbal and spicy notes. Overall. it can be classified as a tannic and fruity wine."
72,"Vega Sicilia",Unico,1994,4.7,940,"slightly important","Ribera del Duero",872.47,"Ribera Del Duero Red",5,3,high,tannicfruity,,Red,13.5,1,"Ribera del Duero red wine is typically characterized as full-bodied and complex. with high tannins and acidity. It often displays flavors of dark fruit such as blackberry and plum. as well as herbal and spicy notes. Overall. it can be classified as a tannic and fruity wine."
73,"Vega Sicilia",Unico,1990,4.7,690,"slightly important","Ribera del Duero",827.94,"Ribera Del Duero Red",5,3,high,tannicfruity,,Red,13.5,2,"Ribera del Duero red wine is typically characterized as full-bodied and complex. with high tannins and acidity. It often displays flavors of dark fruit such as blackberry and plum. as well as herbal and spicy notes. Overall. it can be classified as a tannic and fruity wine."
74,"Vega Sicilia",Unico,1985,4.7,254,"not important at all","Ribera del Duero",827.94,"Ribera Del Duero Red",5,3,high,tannicfruity,,Red,13.5,3,"Ribera del Duero red wine is typically characterized as full-bodied and complex. with high tannins and acidity. It often displays flavors of dark fruit such as blackberry and plum. as well as herbal and spicy notes. Overall. it can be classified as a tannic and fruity wine."
75,"Vega Sicilia","Unico Reserva Especial Edicion",2004,4.8,211,"not important at all","Ribera del Duero",824.43,"Ribera Del Duero Red",5,3,high,tannicfruity,,Red,14.5,6,"Ribera del Duero red wine is typically characterized as full-bodied and complex. with high tannins and acidity. It often displays flavors of dark fruit such as blackberry and plum. as well as herbal and spicy notes. Overall. it can be classified as a tannic and fruity wine."
76,"Vega Sicilia",Unico,1982,4.7,205,"not important at all","Ribera del Duero",820.98,"Ribera Del Duero Red",5,3,high,tannicfruity,,Red,13.5,5,"Ribera del Duero red wine is typically characterized as full-bodied and complex. with high tannins and acidity. It often displays flavors of dark fruit such as blackberry and plum. as well as herbal and spicy notes. Overall. it can be classified as a tannic and fruity wine."
77,"Vega Sicilia",Unico,1979,4.8,118,"not important at all","Ribera del Duero",815,"Ribera Del Duero Red",5,3,high,tannicfruity,,Red,13.5,4,"Ribera del Duero red wine is typically characterized as full-bodied and complex. with high tannins and acidity. It often displays flavors of dark fruit such as blackberry and plum. as well as herbal and spicy notes. Overall. it can be classified as a tannic and fruity wine."
78,"Vega Sicilia","Unico Reserva Especial Edicion",2005,4.8,87,"not important at all","Ribera del Duero",813.96,"Ribera Del Duero Red",5,3,high,tannicfruity,,Red,14.5,5,"Ribera del Duero red wine is typically characterized as full-bodied and complex. with high tannins and acidity. It often displays flavors of dark fruit such as blackberry and plum. as well as herbal and spicy notes. Overall. it can be classified as a tannic and fruity wine."
79,"Vega Sicilia","Unico Reserva Especial Edicion",2006,4.7,72,"not important at all","Ribera del Duero",813.96,"Ribera Del Duero Red",5,3,high,tannicfruity,,Red,14.5,1,"Ribera del Duero red wine is typically characterized as full-bodied and complex. with high tannins and acidity. It often displays flavors of dark fruit such as blackberry and plum. as well as herbal and spicy notes. Overall. it can be classified as a tannic and fruity wine."
80,"Vega Sicilia",Unico,1986,4.7,292,"not important at all","Ribera del Duero",812.63,"Ribera Del Duero Red",5,3,high,tannicfruity,,Red,13.5,2,"Ribera del Duero red wine is typically characterized as full-bodied and complex. with high tannins and acidity. It often displays flavors of dark fruit such as blackberry and plum. as well as herbal and spicy notes. Overall. it can be classified as a tannic and fruity wine."
81,"Vega Sicilia",Unico,1995,4.8,926,"slightly important","Ribera del Duero",810.89,"Ribera Del Duero Red",5,3,high,tannicfruity,,Red,14,3,"Ribera del Duero red wine is typically characterized as full-bodied and complex. with high tannins and acidity. It often displays flavors of dark fruit such as blackberry and plum. as well as herbal and spicy notes. Overall. it can be classified as a tannic and fruity wine."
82,"Marques de Murrieta","Castillo Ygay Gran Reserva Especial Blanco",1986,4.7,425,"not important at all",Rioja,795,"Rioja White",3,3,high,dry,,White,13.5,6,"Spanish Rioja white wine is typically made from the Viura grape variety. which tends to produce wines with a crisp acidity and flavors of citrus fruits like lemon and grapefruit. as well as some floral and herbal notes. Depending on the winemaking techniques used. some Rioja white wines may also have a slightly creamy or buttery texture. Overall. Rioja white wines are typically dry and refreshing. with a good balance of acidity and fruit flavors."
83,"Vega Sicilia",Unico,1987,4.7,593,"slightly important","Ribera del Duero",787.59,"Ribera Del Duero Red",5,3,high,tannicfruity,,Red,14,5,"Ribera del Duero red wine is typically characterized as full-bodied and complex. with high tannins and acidity. It often displays flavors of dark fruit such as blackberry and plum. as well as herbal and spicy notes. Overall. it can be classified as a tannic and fruity wine."
84,"Vega Sicilia",Unico,1996,4.8,1309,important,"Ribera del Duero",778.06,"Ribera Del Duero Red",5,3,high,tannicfruity,,Red,13.5,4,"Ribera del Duero red wine is typically characterized as full-bodied and complex. with high tannins and acidity. It often displays flavors of dark fruit such as blackberry and plum. as well as herbal and spicy notes. Overall. it can be classified as a tannic and fruity wine."
85,"Vega Sicilia","Unico Reserva Especial Edicion",2007,4.7,303,"not important at all","Ribera del Duero",774.4,"Ribera Del Duero Red",5,3,high,tannicfruity,,Red,14.5,7,"Ribera del Duero red wine is typically characterized as full-bodied and complex. with high tannins and acidity. It often displays flavors of dark fruit such as blackberry and plum. as well as herbal and spicy notes. Overall. it can be classified as a tannic and fruity wine."
86,"Vega Sicilia",Unico,1975,4.6,115,"not important at all","Ribera del Duero",769.9,"Ribera Del Duero Red",5,3,high,tannicfruity,,Red,13.5,8,"Ribera del Duero red wine is typically characterized as full-bodied and complex. with high tannins and acidity. It often displays flavors of dark fruit such as blackberry and plum. as well as herbal and spicy notes. Overall. it can be classified as a tannic and fruity wine."
87,"Vega Sicilia","Unico Reserva Especial Edicion",2009,4.6,111,"not important at all","Ribera del Duero",747.17,"Ribera Del Duero Red",5,3,high,tannicfruity,,Red,14.5,9,"Ribera del Duero red wine is typically characterized as full-bodied and complex. with high tannins and acidity. It often displays flavors of dark fruit such as blackberry and plum. as well as herbal and spicy notes. Overall. it can be classified as a tannic and fruity wine."
88,"Vega Sicilia","Unico Reserva Especial Edicion",2010,4.8,125,"not important at all","Ribera del Duero",719.34,"Ribera Del Duero Red",5,3,high,tannicfruity,,Red,14.5,8,"Ribera del Duero red wine is typically characterized as full-bodied and complex. with high tannins and acidity. It often displays flavors of dark fruit such as blackberry and plum. as well as herbal and spicy notes. Overall. it can be classified as a tannic and fruity wine."
89,"Toro Albala","Gines Liebana Pedro Ximenez",1910,4.6,70,"not important at all",Montilla-Moriles,701.05,"Pedro Ximenez",5,1,low,sweet,,"White ",15,7,"Pedro Ximenez (PX) wine is a sweet dessert wine made from dried grapes. It is known for its intense sweetness and rich flavors of raisins. figs. caramel. and molasses. It is typically low in acidity and tannins. and has a thick. syrupy texture. Therefore. it can be classified as a sweet wine."
90,"Vega Sicilia",Unico,1983,4.7,118,"not important at all","Ribera del Duero",700,"Ribera Del Duero Red",5,3,high,tannicfruity,,Red,13,8,"Ribera del Duero red wine is typically characterized as full-bodied and complex. with high tannins and acidity. It often displays flavors of dark fruit such as blackberry and plum. as well as herbal and spicy notes. Overall. it can be classified as a tannic and fruity wine."
91,"Vega Sicilia",Unico,1972,4.7,110,"not important at all","Ribera del Duero",698.95,"Ribera Del Duero Red",5,3,high,tannicfruity,,Red,13.5,8,"Ribera del Duero red wine is typically characterized as full-bodied and complex. with high tannins and acidity. It often displays flavors of dark fruit such as blackberry and plum. as well as herbal and spicy notes. Overall. it can be classified as a tannic and fruity wine."
92,"Vega Sicilia",Unico,1991,4.7,1141,important,"Ribera del Duero",698.9,"Ribera Del Duero Red",5,3,high,tannicfruity,,Red,14,7,"Ribera del Duero red wine is typically characterized as full-bodied and complex. with high tannins and acidity. It often displays flavors of dark fruit such as blackberry and plum. as well as herbal and spicy notes. Overall. it can be classified as a tannic and fruity wine."
93,"Vega Sicilia",Unico,1999,4.8,1705,important,"Ribera del Duero",692.96,"Ribera Del Duero Red",5,3,high,tannicfruity,,Red,14,8,"Ribera del Duero red wine is typically characterized as full-bodied and complex. with high tannins and acidity. It often displays flavors of dark fruit such as blackberry and plum. as well as herbal and spicy notes. Overall. it can be classified as a tannic and fruity wine."
94,"Marques de Murrieta","Castillo Ygay Gran Reserva Especial Tinto",1942,4.7,27,"not important at all",Rioja,680,"Rioja Red",4,3,high,dry,,Red,14,9,"Spanish Rioja Red wine is known for its complex flavor profile that typically includes both fruity and earthy notes. Rioja wines are often described as having a medium to full body with moderate acidity and tannins. The flavor profile can vary depending on the aging process. with younger Riojas tending to have more fruity notes and oak-aged Riojas having more earthy and spicy notes. Overall. Rioja wines are considered versatile and pair well with a range of dishes."
95,"Vega Sicilia",Unico,1989,4.7,675,"slightly important","Ribera del Duero",679.72,"Ribera Del Duero Red",5,3,high,tannicfruity,,Red,13.5,8,"Ribera del Duero red wine is typically characterized as full-bodied and complex. with high tannins and acidity. It often displays flavors of dark fruit such as blackberry and plum. as well as herbal and spicy notes. Overall. it can be classified as a tannic and fruity wine."
96,"Vega Sicilia","Unico Reserva Especial Edicion",2012,4.7,136,"not important at all","Ribera del Duero",660.96,"Ribera Del Duero Red",5,3,high,tannicfruity,,Red,14.5,7,"Ribera del Duero red wine is typically characterized as full-bodied and complex. with high tannins and acidity. It often displays flavors of dark fruit such as blackberry and plum. as well as herbal and spicy notes. Overall. it can be classified as a tannic and fruity wine."
97,"Clos Erasmus",Priorat,2006,4.3,72,"not important at all",Priorato,654.31,"Priorat Red",4,3,high,dry,,Red,15,8,"Priorat red wines are typically known for their full-bodied. complex and intense flavor profiles. They tend to be high in tannins and acidity. with rich fruit flavors such as black cherry. plum. and blackberry. as well as herbal and earthy notes such as licorice. tobacco. and leather. Overall. they are considered dry and bold wines with a long finish."
98,"Clos Erasmus",Priorat,2008,4.6,66,"not important at all",Priorato,654.31,"Priorat Red",4,3,high,dry,,Red,15,9,"Priorat red wines are typically known for their full-bodied. complex and intense flavor profiles. They tend to be high in tannins and acidity. with rich fruit flavors such as black cherry. plum. and blackberry. as well as herbal and earthy notes such as licorice. tobacco. and leather. Overall. they are considered dry and bold wines with a long finish."
99,"Clos Erasmus",Priorat,2007,4.7,60,"not important at all",Priorato,654.31,"Priorat Red",4,3,high,dry,,Red,15,8,"Priorat red wines are typically known for their full-bodied. complex and intense flavor profiles. They tend to be high in tannins and acidity. with rich fruit flavors such as black cherry. plum. and blackberry. as well as herbal and earthy notes such as licorice. tobacco. and leather. Overall. they are considered dry and bold wines with a long finish."
100,"Vega Sicilia",Unico,2004,4.7,3164,"fairly important","Ribera del Duero",584.43,"Ribera Del Duero Red",5,3,high,tannicfruity,,Red,14,7,"Ribera del Duero red wine is typically characterized as full-bodied and complex. with high tannins and acidity. It often displays flavors of dark fruit such as blackberry and plum. as well as herbal and spicy notes. Overall. it can be classified as a tannic and fruity wine."
101,"Vega Sicilia","Unico Reserva Especial Edicion",2013,4.8,172,"not important at all","Ribera del Duero",570.51,"Ribera Del Duero Red",5,3,high,tannicfruity,,Red,14.5,8,"Ribera del Duero red wine is typically characterized as full-bodied and complex. with high tannins and acidity. It often displays flavors of dark fruit such as blackberry and plum. as well as herbal and spicy notes. Overall. it can be classified as a tannic and fruity wine."
102,"Dominio del Aguila","Gran Reserva Penas Aladas",2012,4.5,61,"not important at all","Ribera del Duero",559.02,"Ribera Del Duero Red",5,3,high,tannicfruity,,Red,14,4,"Ribera del Duero red wine is typically characterized as full-bodied and complex. with high tannins and acidity. It often displays flavors of dark fruit such as blackberry and plum. as well as herbal and spicy notes. Overall. it can be classified as a tannic and fruity wine."
103,"Vega Sicilia",Unico,2000,4.7,3127,"fairly important","Ribera del Duero",555.2,"Ribera Del Duero Red",5,3,high,tannicfruity,,Red,13.5,5,"Ribera del Duero red wine is typically characterized as full-bodied and complex. with high tannins and acidity. It often displays flavors of dark fruit such as blackberry and plum. as well as herbal and spicy notes. Overall. it can be classified as a tannic and fruity wine."
104,"Sierra Cantabria",Magico,2016,4.8,40,"not important at all",Rioja,544.5,"Rioja Red",4,3,high,dry,,Red,14.5,8,"Spanish Rioja Red wine is known for its complex flavor profile that typically includes both fruity and earthy notes. Rioja wines are often described as having a medium to full body with moderate acidity and tannins. The flavor profile can vary depending on the aging process. with younger Riojas tending to have more fruity notes and oak-aged Riojas having more earthy and spicy notes. Overall. Rioja wines are considered versatile and pair well with a range of dishes."
105,"Marques de Murrieta","Castillo Ygay Gran Reserva Especial Tinto",1925,4.3,48,"not important at all",Rioja,532,"Rioja Red",4,3,high,dry,,Red,13,9,"Spanish Rioja Red wine is known for its complex flavor profile that typically includes both fruity and earthy notes. Rioja wines are often described as having a medium to full body with moderate acidity and tannins. The flavor profile can vary depending on the aging process. with younger Riojas tending to have more fruity notes and oak-aged Riojas having more earthy and spicy notes. Overall. Rioja wines are considered versatile and pair well with a range of dishes."
106,"Alvaro Palacios","Quinon de Valmira",2015,4.7,102,"not important at all",Rioja,527.26,"Rioja Red",4,3,high,dry,,Red,14,8,"Spanish Rioja Red wine is known for its complex flavor profile that typically includes both fruity and earthy notes. Rioja wines are often described as having a medium to full body with moderate acidity and tannins. The flavor profile can vary depending on the aging process. with younger Riojas tending to have more fruity notes and oak-aged Riojas having more earthy and spicy notes. Overall. Rioja wines are considered versatile and pair well with a range of dishes."
107,Artadi,"Vina El Pison",2010,4.6,169,"not important at all","Vino de Espana",519.55,Tempranillo,4,2,medium,dry,,Red,14,7,"Tempranillo wines tend to be medium to full-bodied. with moderate to high levels of tannins and acidity. They often exhibit flavors of red and dark fruit. such as cherries. plums. and blackberries. as well as notes of vanilla. leather. and tobacco."
108,"Vega Sicilia","Unico Reserva Especial Edicion",2016,4.8,591,"slightly important","Ribera del Duero",514.85,"Ribera Del Duero Red",5,3,high,tannicfruity,,Red,14.5,8,"Ribera del Duero red wine is typically characterized as full-bodied and complex. with high tannins and acidity. It often displays flavors of dark fruit such as blackberry and plum. as well as herbal and spicy notes. Overall. it can be classified as a tannic and fruity wine."
109,Artadi,"Vina El Pison",2011,4.6,165,"not important at all","Vino de Espana",511.9,Tempranillo,4,2,medium,dry,,Red,14.6,9,"Tempranillo wines tend to be medium to full-bodied. with moderate to high levels of tannins and acidity. They often exhibit flavors of red and dark fruit. such as cherries. plums. and blackberries. as well as notes of vanilla. leather. and tobacco."
110,"Vina Sastre","Pesus Ribera del Duero",2003,4.4,59,"not important at all","Ribera del Duero",509.25,"Ribera Del Duero Red",5,3,high,tannicfruity,,Red,14.8,8,"Ribera del Duero red wine is typically characterized as full-bodied and complex. with high tannins and acidity. It often displays flavors of dark fruit such as blackberry and plum. as well as herbal and spicy notes. Overall. it can be classified as a tannic and fruity wine."
111,"Vega Sicilia",Unico,2002,4.7,1199,important,"Ribera del Duero",500.94,"Ribera Del Duero Red",5,3,high,tannicfruity,,Red,14,4,"Ribera del Duero red wine is typically characterized as full-bodied and complex. with high tannins and acidity. It often displays flavors of dark fruit such as blackberry and plum. as well as herbal and spicy notes. Overall. it can be classified as a tannic and fruity wine."
112,Artadi,"Vina El Pison",2007,4.4,154,"not important at all","Vino de Espana",495,Tempranillo,4,2,medium,dry,,Red,14,5,"Tempranillo wines tend to be medium to full-bodied. with moderate to high levels of tannins and acidity. They often exhibit flavors of red and dark fruit. such as cherries. plums. and blackberries. as well as notes of vanilla. leather. and tobacco."
113,"Vega Sicilia",Unico,1998,4.8,1209,important,"Ribera del Duero",490,"Ribera Del Duero Red",5,3,high,tannicfruity,,Red,13.5,7,"Ribera del Duero red wine is typically characterized as full-bodied and complex. with high tannins and acidity. It often displays flavors of dark fruit such as blackberry and plum. as well as herbal and spicy notes. Overall. it can be classified as a tannic and fruity wine."
114,"Vega Sicilia","Unico Reserva Especial Edicion",2017,4.7,560,"slightly important","Ribera del Duero",480.06,"Ribera Del Duero Red",5,3,high,tannicfruity,,Red,14,8,"Ribera del Duero red wine is typically characterized as full-bodied and complex. with high tannins and acidity. It often displays flavors of dark fruit such as blackberry and plum. as well as herbal and spicy notes. Overall. it can be classified as a tannic and fruity wine."
115,"Vina Sastre","Pesus Ribera del Duero",2004,4.7,32,"not important at all","Ribera del Duero",472.5,"Ribera Del Duero Red",5,3,high,tannicfruity,,Red,15,9,"Ribera del Duero red wine is typically characterized as full-bodied and complex. with high tannins and acidity. It often displays flavors of dark fruit such as blackberry and plum. as well as herbal and spicy notes. Overall. it can be classified as a tannic and fruity wine."
116,Artadi,"Grandes Anadas Rioja",1998,4.5,66,"not important at all",Rioja,467.65,"Rioja Red",4,3,high,dry,,Red,11.5,6,"Spanish Rioja Red wine is known for its complex flavor profile that typically includes both fruity and earthy notes. Rioja wines are often described as having a medium to full body with moderate acidity and tannins. The flavor profile can vary depending on the aging process. with younger Riojas tending to have more fruity notes and oak-aged Riojas having more earthy and spicy notes. Overall. Rioja wines are considered versatile and pair well with a range of dishes."
117,"Vina Sastre","Pesus Ribera del Duero",2011,4.4,114,"not important at all","Ribera del Duero",465,"Ribera Del Duero Red",5,3,high,tannicfruity,,Red,15,5,"Ribera del Duero red wine is typically characterized as full-bodied and complex. with high tannins and acidity. It often displays flavors of dark fruit such as blackberry and plum. as well as herbal and spicy notes. Overall. it can be classified as a tannic and fruity wine."
118,"Mas Doix","1902 Centenary Carignan Priorat",2013,4.7,74,"not important at all",Priorato,447.95,"Priorat Red",4,3,high,dry,,Red,14,8,"Priorat red wines are typically known for their full-bodied. complex and intense flavor profiles. They tend to be high in tannins and acidity. with rich fruit flavors such as black cherry. plum. and blackberry. as well as herbal and earthy notes such as licorice. tobacco. and leather. Overall. they are considered dry and bold wines with a long finish."
119,"Vega Sicilia",Unico,2007,4.7,2935,"fairly important","Ribera del Duero",445.28,"Ribera Del Duero Red",5,3,high,tannicfruity,,Red,14.5,7,"Ribera del Duero red wine is typically characterized as full-bodied and complex. with high tannins and acidity. It often displays flavors of dark fruit such as blackberry and plum. as well as herbal and spicy notes. Overall. it can be classified as a tannic and fruity wine."
120,Artadi,"Vina El Pison",2009,4.6,113,"not important at all","Vino de Espana",445,Tempranillo,4,2,medium,dry,,Red,14,8,"Tempranillo wines tend to be medium to full-bodied. with moderate to high levels of tannins and acidity. They often exhibit flavors of red and dark fruit. such as cherries. plums. and blackberries. as well as notes of vanilla. leather. and tobacco."
121,"Marques de Murrieta","Castillo Ygay Gran Reserva Especial Tinto",2010,4.6,2416,"fairly important",Rioja,438.9,"Rioja Red",4,3,high,dry,,Red,14,9,"Spanish Rioja Red wine is known for its complex flavor profile that typically includes both fruity and earthy notes. Rioja wines are often described as having a medium to full body with moderate acidity and tannins. The flavor profile can vary depending on the aging process. with younger Riojas tending to have more fruity notes and oak-aged Riojas having more earthy and spicy notes. Overall. Rioja wines are considered versatile and pair well with a range of dishes."
122,"Vega Sicilia","Unico Reserva Especial Edicion",2020,4.8,84,"not important at all","Ribera del Duero",435.75,"Ribera Del Duero Red",5,3,high,tannicfruity,,Red,14.5,6,"Ribera del Duero red wine is typically characterized as full-bodied and complex. with high tannins and acidity. It often displays flavors of dark fruit such as blackberry and plum. as well as herbal and spicy notes. Overall. it can be classified as a tannic and fruity wine."
123,"Vega Sicilia","Unico Reserva Especial Edicion",2019,4.8,250,"not important at all","Ribera del Duero",431.36,"Ribera Del Duero Red",5,3,high,tannicfruity,,Red,14,6,"Ribera del Duero red wine is typically characterized as full-bodied and complex. with high tannins and acidity. It often displays flavors of dark fruit such as blackberry and plum. as well as herbal and spicy notes. Overall. it can be classified as a tannic and fruity wine."
124,"Vega Sicilia","Unico Reserva Especial Edicion",2018,4.8,438,"not important at all","Ribera del Duero",430,"Ribera Del Duero Red",5,3,high,tannicfruity,,Red,14,6,"Ribera del Duero red wine is typically characterized as full-bodied and complex. with high tannins and acidity. It often displays flavors of dark fruit such as blackberry and plum. as well as herbal and spicy notes. Overall. it can be classified as a tannic and fruity wine."
127,Artadi,"Vina El Pison",1999,4.4,98,"not important at all","Vino de Espana",419.85,Tempranillo,4,2,medium,dry,meatsalad,Red,14,5,"Tempranillo wines tend to be medium to full-bodied. with moderate to high levels of tannins and acidity. They often exhibit flavors of red and dark fruit. such as cherries. plums. and blackberries. as well as notes of vanilla. leather. and tobacco."
128,"Alvaro Palacios","Quinon de Valmira",2016,4.5,88,"not important at all",Rioja,415,"Rioja Red",4,3,high,dry,meat,Red,14,8,"Spanish Rioja Red wine is known for its complex flavor profile that typically includes both fruity and earthy notes. Rioja wines are often described as having a medium to full body with moderate acidity and tannins. The flavor profile can vary depending on the aging process. with younger Riojas tending to have more fruity notes and oak-aged Riojas having more earthy and spicy notes. Overall. Rioja wines are considered versatile and pair well with a range of dishes."
129,Gonzalez-Byass,"Anada Palo Cortado 1987",1987,4.7,53,"not important at all","Jerez Palo Cortado",400.85,Sherry,4,3,high,dryearthy,meatappetizers,Fortified,21.5,8,"Sherry is a fortified wine with a wide range of styles. from very dry to sweet. The flavors can also vary depending on the style. but some common characteristics include nutty. earthy. and sometimes a bit of caramel or toffee. Some dry styles of sherry can be quite acidic. while sweeter styles will have a more prominent sweetness. Overall. the flavor of sherry can be quite complex and varied."
130,"Marques de Murrieta","Castillo Ygay Gran Reserva Especial Tinto",2005,4.5,3521,"fairly important",Rioja,400,"Rioja Red",4,3,high,dry,meat,Red,14,8,"Spanish Rioja Red wine is known for its complex flavor profile that typically includes both fruity and earthy notes. Rioja wines are often described as having a medium to full body with moderate acidity and tannins. The flavor profile can vary depending on the aging process. with younger Riojas tending to have more fruity notes and oak-aged Riojas having more earthy and spicy notes. Overall. Rioja wines are considered versatile and pair well with a range of dishes."
131,"Sierra Cantabria",Amancio,2007,4.6,70,"not important at all",Rioja,399.6,"Rioja Red",4,3,high,dry,meat,Red,15,8,"Spanish Rioja Red wine is known for its complex flavor profile that typically includes both fruity and earthy notes. Rioja wines are often described as having a medium to full body with moderate acidity and tannins. The flavor profile can vary depending on the aging process. with younger Riojas tending to have more fruity notes and oak-aged Riojas having more earthy and spicy notes. Overall. Rioja wines are considered versatile and pair well with a range of dishes."
132,Artadi,"Vina El Pison",1995,4.7,39,"not important at all","Vino de Espana",397,Tempranillo,4,2,medium,dry,meatsalad,Red,13.6,5,"Tempranillo wines tend to be medium to full-bodied. with moderate to high levels of tannins and acidity. They often exhibit flavors of red and dark fruit. such as cherries. plums. and blackberries. as well as notes of vanilla. leather. and tobacco."
133,Artadi,"Grandes Anadas Rioja",2001,4.5,103,"not important at all",Rioja,391.65,"Rioja Red",4,3,high,dry,meat,Red,13.5,6,"Spanish Rioja Red wine is known for its complex flavor profile that typically includes both fruity and earthy notes. Rioja wines are often described as having a medium to full body with moderate acidity and tannins. The flavor profile can vary depending on the aging process. with younger Riojas tending to have more fruity notes and oak-aged Riojas having more earthy and spicy notes. Overall. Rioja wines are considered versatile and pair well with a range of dishes."
134,Artadi,"Vina El Pison",2006,4.6,274,"not important at all","Vino de Espana",391.5,Tempranillo,4,2,medium,dry,meatsalad,Red,14,5,"Tempranillo wines tend to be medium to full-bodied. with moderate to high levels of tannins and acidity. They often exhibit flavors of red and dark fruit. such as cherries. plums. and blackberries. as well as notes of vanilla. leather. and tobacco."
135,Artadi,"Vina El Pison",2016,4.4,77,"not important at all","Vino de Espana",385,Tempranillo,4,2,medium,dry,meatsalad,Red,14.6,6,"Tempranillo wines tend to be medium to full-bodied. with moderate to high levels of tannins and acidity. They often exhibit flavors of red and dark fruit. such as cherries. plums. and blackberries. as well as notes of vanilla. leather. and tobacco."
136,"Vega Sicilia",Unico,2005,4.7,3437,"fairly important","Ribera del Duero",381.15,"Ribera Del Duero Red",5,3,high,tannicfruity,meat,Red,14,5,"Ribera del Duero red wine is typically characterized as full-bodied and complex. with high tannins and acidity. It often displays flavors of dark fruit such as blackberry and plum. as well as herbal and spicy notes. Overall. it can be classified as a tannic and fruity wine."
138,"Terra Remota",Usted,2010,4.7,31,"not important at all",Emporda,379,Red,4,3,high,dry,meatpasta,Red,14.5,6,"Terra Remota Usted is a red wine made from a blend of Cabernet Sauvignon. Syrah. and Merlot grapes. The wine is dry and has a medium to full body with moderate tannins and moderate acidity. The flavors are fruity with notes of blackberry. plum. and black cherry. along with some herbal and earthy notes. It is best paired with grilled meats. stews. and strong cheeses."
139,"Vina Sastre","Pesus Ribera del Duero",2012,4.4,150,"not important at all","Ribera del Duero",379,"Ribera Del Duero Red",5,3,high,tannicfruity,meat,Red,15,5,"Ribera del Duero red wine is typically characterized as full-bodied and complex. with high tannins and acidity. It often displays flavors of dark fruit such as blackberry and plum. as well as herbal and spicy notes. Overall. it can be classified as a tannic and fruity wine."
140,"Clos Erasmus",Priorat,2012,4.5,69,"not important at all",Priorato,374.66,"Priorat Red",4,3,high,dry,meat,Red,15,2,"Priorat red wines are typically known for their full-bodied. complex and intense flavor profiles. They tend to be high in tannins and acidity. with rich fruit flavors such as black cherry. plum. and blackberry. as well as herbal and earthy notes such as licorice. tobacco. and leather. Overall. they are considered dry and bold wines with a long finish."
141,"Anima Negra","Son Negre",2004,4.6,27,"not important at all",Mallorca,374.35,Red,4,3,high,drytannic,meatpasta,Red,14,3,"Son Negre is a red wine produced by Anima Negra winery in the Balearic Islands of Spain. It is known for its complex and intense flavor profile. with notes of black fruit. spices. and a subtle mineral character. On the palate. it is dry. full-bodied. and tannic. with a long and persistent finish. Overall. Son Negre is a bold and powerful wine with a good balance of fruit. tannins. and acidity."
142,Ordonez,"Vatan Arena Tinta de Toro",2014,4.8,79,"not important at all",Toro,369.05,"Toro Red",5,3,high,tannic,meat,Red,15.5,9,"Toro red wine is typically known for its full-bodied and tannic flavor profile. often with notes of dark fruit. spice. and sometimes a hint of earthiness. Overall. it is considered a bold and robust wine with a complex flavor profile."
143,"Vall Llach","Mas de la Rosa",2016,4.4,53,"not important at all",Priorato,367.39,"Priorat Red",4,3,high,dry,meat,Red,15.5,6,"Priorat red wines are typically known for their full-bodied. complex and intense flavor profiles. They tend to be high in tannins and acidity. with rich fruit flavors such as black cherry. plum. and blackberry. as well as herbal and earthy notes such as licorice. tobacco. and leather. Overall. they are considered dry and bold wines with a long finish."
144,"Vega Sicilia",Unico,2006,4.7,2765,"fairly important","Ribera del Duero",362.25,"Ribera Del Duero Red",5,3,high,tannicfruity,meat,Red,14,6,"Ribera del Duero red wine is typically characterized as full-bodied and complex. with high tannins and acidity. It often displays flavors of dark fruit such as blackberry and plum. as well as herbal and spicy notes. Overall. it can be classified as a tannic and fruity wine."
145,"Vina Sastre","Pesus Ribera del Duero",2007,4.8,68,"not important at all","Ribera del Duero",360,"Ribera Del Duero Red",5,3,high,tannicfruity,meat,Red,15,6,"Ribera del Duero red wine is typically characterized as full-bodied and complex. with high tannins and acidity. It often displays flavors of dark fruit such as blackberry and plum. as well as herbal and spicy notes. Overall. it can be classified as a tannic and fruity wine."
146,"Vega Sicilia",Unico,2012,4.6,98,"not important at all","Ribera del Duero",359.9,"Ribera Del Duero Red",5,3,high,tannicfruity,meat,Red,14.5,5,"Ribera del Duero red wine is typically characterized as full-bodied and complex. with high tannins and acidity. It often displays flavors of dark fruit such as blackberry and plum. as well as herbal and spicy notes. Overall. it can be classified as a tannic and fruity wine."
147,"Alvaro Palacios","Les Aubaguetes Priorat",2016,4.6,59,"not important at all",Priorato,355.95,"Priorat Red",4,3,high,dry,meat,Red,14.5,4,"Priorat red wines are typically known for their full-bodied. complex and intense flavor profiles. They tend to be high in tannins and acidity. with rich fruit flavors such as black cherry. plum. and blackberry. as well as herbal and earthy notes such as licorice. tobacco. and leather. Overall. they are considered dry and bold wines with a long finish."
148,"Mas Doix",Doix,2007,4.4,187,"not important at all",Priorato,350.03,"Priorat Red",4,3,high,dry,meat,Red,14.5,5,"Priorat red wines are typically known for their full-bodied. complex and intense flavor profiles. They tend to be high in tannins and acidity. with rich fruit flavors such as black cherry. plum. and blackberry. as well as herbal and earthy notes such as licorice. tobacco. and leather. Overall. they are considered dry and bold wines with a long finish."
149,"Toro Albala","Don PX Convento Seleccion",1946,4.8,398,"not important at all",Montilla-Moriles,350,"Pedro Ximenez",5,1,low,sweet,dessert,White,17,6,"Pedro Ximenez (PX) wine is a sweet dessert wine made from dried grapes. It is known for its intense sweetness and rich flavors of raisins. figs. caramel. and molasses. It is typically low in acidity and tannins. and has a thick. syrupy texture. Therefore. it can be classified as a sweet wine."
150,"Vega Sicilia",Unico,2010,4.8,1201,important,"Ribera del Duero",349,"Ribera Del Duero Red",5,3,high,tannicfruity,,Red,14.5,5,"Ribera del Duero red wine is typically characterized as full-bodied and complex. with high tannins and acidity. It often displays flavors of dark fruit such as blackberry and plum. as well as herbal and spicy notes. Overall. it can be classified as a tannic and fruity wine."
151,"Terroir Al Limit Soc. Lda","Les Manyes",2013,4.3,74,"not important at all",Priorato,348.85,"Priorat Red",4,3,high,dry,,Red,13.5,4,"Priorat red wines are typically known for their full-bodied. complex and intense flavor profiles. They tend to be high in tannins and acidity. with rich fruit flavors such as black cherry. plum. and blackberry. as well as herbal and earthy notes such as licorice. tobacco. and leather. Overall. they are considered dry and bold wines with a long finish."
152,"Terroir Al Limit Soc. Lda","Les Manyes",2011,4.3,56,"not important at all",Priorato,348.85,"Priorat Red",4,3,high,dry,,Red,13.5,5,"Priorat red wines are typically known for their full-bodied. complex and intense flavor profiles. They tend to be high in tannins and acidity. with rich fruit flavors such as black cherry. plum. and blackberry. as well as herbal and earthy notes such as licorice. tobacco. and leather. Overall. they are considered dry and bold wines with a long finish."
153,"Terroir Al Limit Soc. Lda","Les Manyes",2012,4.3,46,"not important at all",Priorato,348.85,"Priorat Red",4,3,high,dry,,Red,13.5,6,"Priorat red wines are typically known for their full-bodied. complex and intense flavor profiles. They tend to be high in tannins and acidity. with rich fruit flavors such as black cherry. plum. and blackberry. as well as herbal and earthy notes such as licorice. tobacco. and leather. Overall. they are considered dry and bold wines with a long finish."
154,Nin-Ortiz,"Nit de Nin Mas d'en Cacador",2011,4.6,139,"not important at all",Priorato,345,"Priorat Red",4,3,high,dry,,Red,14.5,5,"Priorat red wines are typically known for their full-bodied. complex and intense flavor profiles. They tend to be high in tannins and acidity. with rich fruit flavors such as black cherry. plum. and blackberry. as well as herbal and earthy notes such as licorice. tobacco. and leather. Overall. they are considered dry and bold wines with a long finish."
155,"Vega Sicilia","Unico Reserva Especial Edicion",2015,4.8,643,"slightly important","Ribera del Duero",345,"Ribera Del Duero Red",5,3,high,tannicfruity,,Red,14.5,4,"Ribera del Duero red wine is typically characterized as full-bodied and complex. with high tannins and acidity. It often displays flavors of dark fruit such as blackberry and plum. as well as herbal and spicy notes. Overall. it can be classified as a tannic and fruity wine."
156,"Vega Sicilia","Unico Reserva Especial Edicion",2011,4.7,131,"not important at all","Ribera del Duero",340.49,"Ribera Del Duero Red",5,3,high,tannicfruity,,Red,14.5,5,"Ribera del Duero red wine is typically characterized as full-bodied and complex. with high tannins and acidity. It often displays flavors of dark fruit such as blackberry and plum. as well as herbal and spicy notes. Overall. it can be classified as a tannic and fruity wine."
157,Artadi,"Vina El Pison",2001,4.4,85,"not important at all","Vino de Espana",340,Tempranillo,4,2,medium,dry,,Red,13.5,6,"Tempranillo wines tend to be medium to full-bodied. with moderate to high levels of tannins and acidity. They often exhibit flavors of red and dark fruit. such as cherries. plums. and blackberries. as well as notes of vanilla. leather. and tobacco."
158,Artadi,"Vina El Pison",2005,4.6,142,"not important at all","Vino de Espana",325,Tempranillo,4,2,medium,dry,,Red,14,5,"Tempranillo wines tend to be medium to full-bodied. with moderate to high levels of tannins and acidity. They often exhibit flavors of red and dark fruit. such as cherries. plums. and blackberries. as well as notes of vanilla. leather. and tobacco."
159,"Vega Sicilia",Unico,2003,4.7,2419,"fairly important","Ribera del Duero",325,"Ribera Del Duero Red",5,3,high,tannicfruity,,Red,14,4,"Ribera del Duero red wine is typically characterized as full-bodied and complex. with high tannins and acidity. It often displays flavors of dark fruit such as blackberry and plum. as well as herbal and spicy notes. Overall. it can be classified as a tannic and fruity wine."
160,"Vega Sicilia",Unico,2009,4.8,1793,important,"Ribera del Duero",324.95,"Ribera Del Duero Red",5,3,high,tannicfruity,,Red,14,8,"Ribera del Duero red wine is typically characterized as full-bodied and complex. with high tannins and acidity. It often displays flavors of dark fruit such as blackberry and plum. as well as herbal and spicy notes. Overall. it can be classified as a tannic and fruity wine."
162,"Bodega Contador (Benjamin Romeo)","Contador Rioja",2015,4.6,143,"not important at all",Rioja,319.9,"Rioja Red",4,3,high,dry,,Red,14.95,9,"Spanish Rioja Red wine is known for its complex flavor profile that typically includes both fruity and earthy notes. Rioja wines are often described as having a medium to full body with moderate acidity and tannins. The flavor profile can vary depending on the aging process. with younger Riojas tending to have more fruity notes and oak-aged Riojas having more earthy and spicy notes. Overall. Rioja wines are considered versatile and pair well with a range of dishes."
163,"Bodega Contador (Benjamin Romeo)","Contador Rioja",2016,4.5,80,"not important at all",Rioja,317.75,"Rioja Red",4,3,high,dry,,Red,15,5,"Spanish Rioja Red wine is known for its complex flavor profile that typically includes both fruity and earthy notes. Rioja wines are often described as having a medium to full body with moderate acidity and tannins. The flavor profile can vary depending on the aging process. with younger Riojas tending to have more fruity notes and oak-aged Riojas having more earthy and spicy notes. Overall. Rioja wines are considered versatile and pair well with a range of dishes."
164,"Emilio Moro","Clon De La Familia",2010,4.7,127,"not important at all","Ribera del Duero",317.63,"Ribera Del Duero Red",5,3,high,tannicfruity,,Red,14,6,"Ribera del Duero red wine is typically characterized as full-bodied and complex. with high tannins and acidity. It often displays flavors of dark fruit such as blackberry and plum. as well as herbal and spicy notes. Overall. it can be classified as a tannic and fruity wine."
165,"Emilio Moro","Clon De La Familia",2011,4.6,72,"not important at all","Ribera del Duero",317.63,"Ribera Del Duero Red",5,3,high,tannicfruity,,Red,14,5,"Ribera del Duero red wine is typically characterized as full-bodied and complex. with high tannins and acidity. It often displays flavors of dark fruit such as blackberry and plum. as well as herbal and spicy notes. Overall. it can be classified as a tannic and fruity wine."
166,"Vega Sicilia",Unico,2011,4.8,630,"slightly important","Ribera del Duero",315,"Ribera Del Duero Red",5,3,high,tannicfruity,,Red,14,4,"Ribera del Duero red wine is typically characterized as full-bodied and complex. with high tannins and acidity. It often displays flavors of dark fruit such as blackberry and plum. as well as herbal and spicy notes. Overall. it can be classified as a tannic and fruity wine."
167,"Vina Sastre","Pesus Ribera del Duero",2014,4.5,189,"not important at all","Ribera del Duero",315,"Ribera Del Duero Red",5,3,high,tannicfruity,,Red,15,5,"Ribera del Duero red wine is typically characterized as full-bodied and complex. with high tannins and acidity. It often displays flavors of dark fruit such as blackberry and plum. as well as herbal and spicy notes. Overall. it can be classified as a tannic and fruity wine."
168,Artadi,"Vina El Pison",2018,4.9,31,"not important at all","Vino de Espana",313.5,Tempranillo,4,2,medium,dry,,Red,14,6,"Tempranillo wines tend to be medium to full-bodied. with moderate to high levels of tannins and acidity. They often exhibit flavors of red and dark fruit. such as cherries. plums. and blackberries. as well as notes of vanilla. leather. and tobacco."
169,"Vina Sastre","Pesus Ribera del Duero",2009,4.5,75,"not important at all","Ribera del Duero",312.6,"Ribera Del Duero Red",5,3,high,tannicfruity,,Red,15,8,"Ribera del Duero red wine is typically characterized as full-bodied and complex. with high tannins and acidity. It often displays flavors of dark fruit such as blackberry and plum. as well as herbal and spicy notes. Overall. it can be classified as a tannic and fruity wine."
170,"Vega Sicilia","Valbuena 5o",1987,4.5,221,"not important at all","Ribera del Duero",312,"Ribera Del Duero Red",5,3,high,tannicfruity,,Red,14.1,7,"Ribera del Duero red wine is typically characterized as full-bodied and complex. with high tannins and acidity. It often displays flavors of dark fruit such as blackberry and plum. as well as herbal and spicy notes. Overall. it can be classified as a tannic and fruity wine."
171,"Marques de Riscal","Rioja Reserva",1964,4.3,29,"not important at all",Rioja,310,"Rioja Red",4,3,high,dry,,Red,12,5,"Spanish Rioja Red wine is known for its complex flavor profile that typically includes both fruity and earthy notes. Rioja wines are often described as having a medium to full body with moderate acidity and tannins. The flavor profile can vary depending on the aging process. with younger Riojas tending to have more fruity notes and oak-aged Riojas having more earthy and spicy notes. Overall. Rioja wines are considered versatile and pair well with a range of dishes."
172,Artadi,"Vina El Pison",2017,4.6,41,"not important at all","Vino de Espana",304.54,Tempranillo,4,2,medium,dry,,Red,14,2,"Tempranillo wines tend to be medium to full-bodied. with moderate to high levels of tannins and acidity. They often exhibit flavors of red and dark fruit. such as cherries. plums. and blackberries. as well as notes of vanilla. leather. and tobacco."
